[{"model": "sessions.session", "pk": "559ul449etgxg8mc00n3w0bzg6f8dr2s", "fields": {"session_data": ".eJxVjDsOwjAQRO_iGln-Y1PS5wzWer3GAeRIcVIh7g6WUkAxzbw382IR9q3GvdMa58wuTLLTb5cAH9QGyHdot4Xj0rZ1Tnwo_KCdT0um5_Vw_w4q9DrWPnmjbdBFkHNoFQhMYIMwUij9jfNaZfBUtAIHCpFySdIZUSCdg2fvD87nN7s:1vBVwS:X7Pl57PJEKFXqG_CuiFaQSUnvKFj_6s-rnXYxGc9kQw", "expire_date": "2025-11-05T10:19:40.268Z"}}, {"model": "sessions.session", "pk": "c2zcmubj6ktvixyope1jv0x3sntwb3tw", "fields": {"session_data": ".eJxVjDsOwjAQRO_iGln-Y1PS5wzWer3GAeRIcVIh7g6WUkAxzbw382IR9q3GvdMa58wuTLLTb5cAH9QGyHdot4Xj0rZ1Tnwo_KCdT0um5_Vw_w4q9DrWPnmjbdBFkHNoFQhMYIMwUij9jfNaZfBUtAIHCpFySdIZUSCdg2fvD87nN7s:1vCyk0:t1EmWIq2GtYF2zqCCyzA9pqdHEIlrjDIgxr7HprE0uM", "expire_date": "2025-11-09T11:16:52.966Z"}}, {"model": "realty.realtypost", "pk": 18, "fields": {"title": "Luxury villa", "type": "sale", "category": "residential", "price": "600000000", "location": "kaduna", "description": "jkhfiufgwrioifwrfh", "living_room_sqm": 3.0, "kitchen_sqm": 5.0, "created_at": "2025-10-24T09:35:25.531Z", "updated_at": "2025-10-24T09:35:25.531Z"}}, {"model": "realty.realtypost", "pk": 19, "fields": {"title": "luxury modern villa", "type": "sale", "category": "residential", "price": "95200000", "location": "abuja", "description": "jkdbgfhlekfjer", "living_room_sqm": 4.0, "kitchen_sqm": 2.0, "created_at": "2025-10-24T09:40:40.870Z", "updated_at": "2025-10-24T09:40:40.870Z"}}, {"model": "realty.realtypost", "pk": 20, "fields": {"title": "New Luxury Villa", "type": "lease", "category": "commercial", "price": "35200000", "location": "Lagos", "description": "hcdkjbcd  cdjkbdciuc ckcbab axjcajk", "living_room_sqm": 2.0, "kitchen_sqm": 7.0, "created_at": "2025-10-25T05:49:20.701Z", "updated_at": "2025-10-25T05:49:20.841Z"}}, {"model": "realty.realtyimage", "pk": 11, "fields": {"post": 18, "image": "realty_images/WhatsApp_Image_2025-10-04_at_07.08.22_4172149b.jpg"}}, {"model": "realty.realtyimage", "pk": 12, "fields": {"post": 18, "image": "realty_images/WhatsApp_Image_2025-10-04_at_07.08.21_98f365d0.jpg"}}, {"model": "realty.realtyimage", "pk": 13, "fields": {"post": 19, "image": "realty_images/Header1.jpg"}}, {"model": "realty.realtyimage", "pk": 14, "fields": {"post": 19, "image": "realty_images/Header2_atDJqk9.jpg"}}, {"model": "realty.realtyimage", "pk": 15, "fields": {"post": 19, "image": "realty_images/Header3_oo2AR3P.jpg"}}, {"model": "realty.realtyimage", "pk": 16, "fields": {"post": 20, "image": "realty_images/WhatsApp_Image_2025-10-04_at_07.08.24_d73afa70.jpg"}}, {"model": "realty.realtyimage", "pk": 17, "fields": {"post": 20, "image": "realty_images/WhatsApp_Image_2025-10-04_at_07_9mIgCJK.08.22_4172149b.jpg"}}, {"model": "realty.realtyimage", "pk": 18, "fields": {"post": 20, "image": "realty_images/WhatsApp_Image_2025-10-04_at_07.08.22_ddffba46.jpg"}}, {"model": "realty.realtyimage", "pk": 19, "fields": {"post": 20, "image": "realty_images/WhatsApp_Image_2025-10-04_at_07_OkEKCd0.08.21_98f365d0.jpg"}}, {"model": "realty.realtyimage", "pk": 20, "fields": {"post": 20, "image": "realty_images/WhatsApp_Image_2025-10-04_at_07.08.12_837c23ac.jpg"}}, {"model": "realty.bedroom", "pk": 12, "fields": {"post": 18, "name": "asdf", "sqm": 4.0}}, {"model": "realty.bedroom", "pk": 13, "fields": {"post": 19, "name": "jjbhf", "sqm": 4.0}}, {"model": "realty.bedroom", "pk": 14, "fields": {"post": 20, "name": "chjjsj", "sqm": 3.99}}, {"model": "gallery.gallerypost", "pk": 9, "fields": {"title": "Smart home", "category": "residential", "description": "jfdhghoejjdoihgigoejg", "created_at": "2025-10-24T08:44:51.207Z"}}, {"model": "gallery.gallerypost", "pk": 10, "fields": {"title": "luxury home", "category": "residential", "description": "jfdhghoejjdoihgigoejg", "created_at": "2025-10-24T08:47:59.854Z"}}, {"model": "gallery.gallerypost", "pk": 11, "fields": {"title": "luxury home", "category": "residential", "description": "jfdhghoejjdoihgigoejg", "created_at": "2025-10-24T08:48:46.095Z"}}, {"model": "gallery.gallerypost", "pk": 12, "fields": {"title": "Modern House", "category": "commercial", "description": "gftduyfrwtf;dxrysiutflutryayedli;udx", "created_at": "2025-10-25T19:30:51.027Z"}}, {"model": "gallery.gallerypost", "pk": 13, "fields": {"title": "New Villa", "category": "commercial", "description": "Lorem ipsum dolor sit amet, consectetur adipiscing elit.", "created_at": "2025-10-26T13:50:03.313Z"}}, {"model": "gallery.gallerypost", "pk": 14, "fields": {"title": "another villa", "category": "residential", "description": "lorem ipsun blabla blablabla blabala", "created_at": "2025-10-26T13:56:59.545Z"}}, {"model": "gallery.galleryimage", "pk": 27, "fields": {"post": 9, "image": "gallery_images/Header1.jpg"}}, {"model": "gallery.galleryimage", "pk": 28, "fields": {"post": 9, "image": "gallery_images/Header2.jpg"}}, {"model": "gallery.galleryimage", "pk": 29, "fields": {"post": 9, "image": "gallery_images/Header3.jpg"}}, {"model": "gallery.galleryimage", "pk": 30, "fields": {"post": 10, "image": "gallery_images/Header6.jpg"}}, {"model": "gallery.galleryimage", "pk": 31, "fields": {"post": 10, "image": "gallery_images/Header4.jpg"}}, {"model": "gallery.galleryimage", "pk": 32, "fields": {"post": 10, "image": "gallery_images/Header5.jpg"}}, {"model": "gallery.galleryimage", "pk": 33, "fields": {"post": 11, "image": "gallery_images/Header6_Ge4E9q7.jpg"}}, {"model": "gallery.galleryimage", "pk": 34, "fields": {"post": 11, "image": "gallery_images/Header4_Dy3wPzn.jpg"}}, {"model": "gallery.galleryimage", "pk": 35, "fields": {"post": 11, "image": "gallery_images/Header5_ctbodJq.jpg"}}, {"model": "gallery.galleryimage", "pk": 36, "fields": {"post": 12, "image": "gallery_images/WhatsApp_Image_2025-10-04_at_07.27.47_9730c3f4.jpg"}}, {"model": "gallery.galleryimage", "pk": 37, "fields": {"post": 12, "image": "gallery_images/WhatsApp_Image_2025-10-04_at_07.17.34_af923596.jpg"}}, {"model": "gallery.galleryimage", "pk": 38, "fields": {"post": 12, "image": "gallery_images/WhatsApp_Image_2025-10-04_at_07.17.32_5d420ec4.jpg"}}, {"model": "gallery.galleryimage", "pk": 39, "fields": {"post": 12, "image": "gallery_images/WhatsApp_Image_2025-10-04_at_07.14.37_db6b590a.jpg"}}, {"model": "gallery.galleryimage", "pk": 40, "fields": {"post": 12, "image": "gallery_images/WhatsApp_Image_2025-10-04_at_07.14.38_07b574c7.jpg"}}, {"model": "gallery.galleryimage", "pk": 41, "fields": {"post": 13, "image": "gallery_images/WhatsApp_Image_2025-10-04_at_07.10.52_8347f54b.jpg"}}, {"model": "gallery.galleryimage", "pk": 42, "fields": {"post": 13, "image": "gallery_images/WhatsApp_Image_2025-10-04_at_07.10.52_be77e802.jpg"}}, {"model": "gallery.galleryimage", "pk": 43, "fields": {"post": 13, "image": "gallery_images/WhatsApp_Image_2025-10-04_at_07.08.24_d73afa70.jpg"}}, {"model": "gallery.galleryimage", "pk": 44, "fields": {"post": 13, "image": "gallery_images/WhatsApp_Image_2025-10-04_at_07.08.22_4172149b.jpg"}}, {"model": "gallery.galleryimage", "pk": 45, "fields": {"post": 13, "image": "gallery_images/WhatsApp_Image_2025-10-04_at_07.08.21_98f365d0.jpg"}}, {"model": "gallery.galleryimage", "pk": 46, "fields": {"post": 14, "image": "gallery_images/Header5_l13UEdq.jpg"}}, {"model": "gallery.galleryimage", "pk": 47, "fields": {"post": 14, "image": "gallery_images/WhatsApp_Image_2025-10-04_at_07_VdkWaqI.27.47_9730c3f4.jpg"}}, {"model": "gallery.galleryimage", "pk": 48, "fields": {"post": 14, "image": "gallery_images/WhatsApp_Image_2025-10-04_at_07_Y7LEwj2.17.34_af923596.jpg"}}, {"model": "gallery.galleryimage", "pk": 49, "fields": {"post": 14, "image": "gallery_images/WhatsApp_Image_2025-10-04_at_07_zjz9VSD.17.32_5d420ec4.jpg"}}, {"model": "adminpanel.admin", "fields": {"password": "pbkdf2_sha256$870000$lzZtUju4XocZ1O5qgguywA$KloF6Z9GOPr5lbsR7zHEhznOI4Nd231VDsn53bl4kJ4=", "last_login": "2025-10-26T11:16:52.878Z", "is_superuser": true, "email": "admin@lioncage.com", "role": "admin", "is_active": true, "is_staff": true, "groups": [], "user_permissions": []}}, {"model": "adminpanel.admin", "fields": {"password": "pbkdf2_sha256$870000$WGwePTTDzvQyfna8OpCM0t$avhrMIiJ3mX4DBIQ2HWOBvEviq81NTMb9T9OK0ypRD8=", "last_login": null, "is_superuser": false, "email": "newadmin@lioncage.com", "role": "user", "is_active": true, "is_staff": false, "groups": [], "user_permissions": []}}, {"model": "adminpanel.admin", "fields": {"password": "pbkdf2_sha256$870000$3vpXTAE5Y9vcc90VIgHdbd$xJ+EwZ0wYELkjGf4vk4YDu7hJKO+K+weFG7RwXEpfOQ=", "last_login": null, "is_superuser": true, "email": "danmasani12@gmail.com", "role": "admin", "is_active": true, "is_staff": true, "groups": [], "user_permissions": []}}, {"model": "adminpanel.admin", "fields": {"password": "pbkdf2_sha256$870000$J5FUDQPQ1yNCDvKYIZOG0Q$uMGO9t9j8Sd8b8MPtY2HRtWHXd3s4Pw7lcwmcZm/NFM=", "last_login": null, "is_superuser": false, "email": "umar@lioncage.com", "role": "user", "is_active": true, "is_staff": false, "groups": [], "user_permissions": []}}, {"model": "contact.contactmessage", "pk": 1, "fields": {"name": "Umar Muhammad Bashir", "email": "danmasani12@gmail.com", "phone": "+2348063619992", "subject": "sfgaf", "message": "this is testing", "is_read": false, "created_at": "2025-10-26T11:52:00.636Z"}}, {"model": "contact.contactmessage", "pk": 2, "fields": {"name": "Umar Muhammad Bashir", "email": "danmasani29@gmail.com", "phone": "+2348063619992", "subject": "sfgaf", "message": "this is testing", "is_read": false, "created_at": "2025-10-26T11:53:32.099Z"}}, {"model": "contact.contactmessage", "pk": 3, "fields": {"name": "Umar Muhammad Bashir", "email": "danmasani29@gmail.com", "phone": "+2348063619992", "subject": "sfgaf", "message": "this is testing", "is_read": false, "created_at": "2025-10-26T11:55:13.460Z"}}, {"model": "contact.contactmessage", "pk": 4, "fields": {"name": "Umar Muhammad Bashir", "email": "danmasani29@gmail.com", "phone": "+2348063619992", "subject": "sfgaf", "message": "this is testing", "is_read": false, "created_at": "2025-10-26T11:56:26.588Z"}}, {"model": "contact.contactmessage", "pk": 5, "fields": {"name": "Umar Muhammad Bashir", "email": "danmasani29@gmail.com", "phone": "+2348063619992", "subject": "sfgaf", "message": "this is testing", "is_read": false, "created_at": "2025-10-26T11:56:50.673Z"}}, {"model": "contact.contactmessage", "pk": 6, "fields": {"name": "Umar Muhammad Bashir", "email": "danmasani29@gmail.com", "phone": "+2348063619992", "subject": "sfgaf", "message": "this is testing", "is_read": false, "created_at": "2025-10-26T11:59:28.169Z"}}, {"model": "contact.contactmessage", "pk": 7, "fields": {"name": "Umar Muhammad Bashir", "email": "danmasani29@gmail.com", "phone": "+2348063619992", "subject": "sfgaf", "message": "this is testing", "is_read": false, "created_at": "2025-10-26T12:00:41.477Z"}}, {"model": "contact.contactmessage", "pk": 8, "fields": {"name": "Umar Muhammad Bashir", "email": "danmasani29@gmail.com", "phone": "+2348063619992", "subject": "sfgaf", "message": "this is testing", "is_read": false, "created_at": "2025-10-26T12:03:14.005Z"}}, {"model": "contact.contactmessage", "pk": 9, "fields": {"name": "Umar Muhammad Bashir", "email": "danmasani29@gmail.com", "phone": "+2348063619992", "subject": "sfgaf", "message": "this is testing", "is_read": false, "created_at": "2025-10-26T12:56:59.929Z"}}, {"model": "contact.contactmessage", "pk": 10, "fields": {"name": "Umar Muhammad Bashir", "email": "danmasani29@gmail.com", "phone": "+2348063619992", "subject": "test", "message": "this is testing", "is_read": false, "created_at": "2025-10-26T12:57:59.420Z"}}, {"model": "contact.contactmessage", "pk": 11, "fields": {"name": "Umar Muhammad Bashir", "email": "danmasani29@gmail.com", "phone": "+2348063619992", "subject": "Test Message from Lion Cage Construction", "message": "Hello Lion Cage Team,\n\nThis is a test message to confirm that your contact form is working correctly and that messages are being delivered successfully to your Gmail inbox.\n\nBest regards,\nUmar", "is_read": false, "created_at": "2025-10-26T13:07:37.756Z"}}, {"model": "contact.contactmessage", "pk": 12, "fields": {"name": "Umar Muhammad Bashir", "email": "umarbashir6361@gmail.com", "phone": "08063619992", "subject": "contruction", "message": "this is testing", "is_read": false, "created_at": "2025-10-26T18:55:31.521Z"}}, {"model": "contact.contactmessage", "pk": 13, "fields": {"name": "Umar Muhammad Bashir", "email": "danmasani12@gmail.com", "phone": "+2348063619992", "subject": "contruction", "message": "test", "is_read": false, "created_at": "2025-10-26T19:03:34.079Z"}}, {"model": "contact.contactmessage", "pk": 14, "fields": {"name": "Umar Muhammad Bashir", "email": "umarbashir6361@gmail.com", "phone": "+2348063619992", "subject": "contruction", "message": "this is testing", "is_read": false, "created_at": "2025-10-26T19:11:18.858Z"}}, {"model": "contact.contactmessage", "pk": 15, "fields": {"name": "Umar Ahmad", "email": "aleeyhydar5@gmail.com", "phone": "07041098986", "subject": "Terminal", "message": "ahsgdhsdsfdfsfdsfdgsd", "is_read": false, "created_at": "2025-10-27T10:46:24.940Z"}}, {"model": "admin.logentry", "pk": 1, "fields": {"action_time": "2025-10-22T10:21:00.818Z", "user": ["admin@lioncage.com"], "content_type": ["gallery", "gallerypost"], "object_id": "1", "object_repr": "home", "action_flag": 1, "change_message": "[{\"added\": {}}, {\"added\": {\"name\": \"gallery image\", \"object\": \"Image for home\"}}]"}}]